Data,Cultivo,Estadual,País,Id,Último,Abertura,Máxima,Mínima,USD,Precipitacao,Temperatura,lag_Estadual,predict_Estadual,model
2004-03-01,Milho,16.9936,17.5722,1,32025.0,32500.0,34200.0,30300.0,2.9054565217391306,175.4,24.9,16.9936,,ARIMA
2004-04-01,Milho,19.8861,19.4868,1,29975.0,32125.0,32650.0,28175.0,2.9059850000000003,175.4,24.5,16.9936,,ARIMA
2004-05-01,Milho,19.7989,20.2459,1,26250.0,30500.0,32250.0,26000.0,3.100419047619048,23.0,21.7,19.8861,,ARIMA
2004-06-01,Milho,17.9299,19.0091,1,22550.0,26250.0,26425.0,22500.0,3.1291476190476186,18.8,22.1,19.7989,,ARIMA
2004-07-01,Milho,16.494,17.7122,1,23775.0,22550.0,24525.0,22500.0,3.0367772727272726,38.0,22.2,17.9299,,ARIMA
2004-08-01,Milho,15.4836,16.9135,1,21625.0,23700.0,24500.0,21500.0,3.0029136363636364,18.4,24.2,16.494,,ARIMA
2004-09-01,Milho,15.6349,16.9779,1,21300.0,21600.0,22000.0,20850.0,2.891147619047619,42.0,25.4,15.4836,,ARIMA
2004-10-01,Milho,14.8292,16.4078,1,20375.0,21250.0,21900.0,20350.0,2.852855,132.0,25.4,15.6349,,ARIMA
2004-11-01,Milho,14.6861,15.7828,1,21300.0,20400.0,21625.0,20100.0,2.78604,225.6,24.6,14.8292,,ARIMA
2005-01-01,Milho,14.1072,15.6819,1,20450.0,21150.0,21725.0,20275.0,2.7181608695652173,173.8,24.5,14.6861,,ARIMA
2005-02-01,Milho,14.0984,15.9089,1,22275.0,20475.0,22500.0,20175.0,2.6930238095238095,153.8,24.1,14.1072,,ARIMA
2005-03-01,Milho,16.5363,17.1538,1,22100.0,22075.0,23800.0,21175.0,2.597838888888889,287.4,24.5,14.0984,,ARIMA
2005-04-01,Milho,17.2959,17.9389,1,21350.0,22150.0,22375.0,21125.0,2.7047363636363637,287.4,24.5,16.5363,,ARIMA
2005-05-01,Milho,16.8212,17.6276,1,23075.0,21425.0,23600.0,20300.0,2.57918,287.4,25.5,17.2959,,ARIMA
2005-06-01,Milho,16.7059,17.2608,1,22225.0,22925.0,24700.0,21900.0,2.452814285714286,287.4,25.5,16.8212,,ARIMA
2005-07-01,Milho,16.6482,17.1637,1,24825.0,22200.0,27300.0,22200.0,2.4135136363636365,287.4,25.5,16.7059,,ARIMA
2005-08-01,Milho,15.6681,16.9286,1,21650.0,25000.0,25150.0,21500.0,2.3735095238095236,287.4,25.5,16.6482,,ARIMA
2005-09-01,Milho,15.4079,16.5083,1,21775.0,21650.0,22275.0,20650.0,2.3606304347826086,287.4,25.5,15.6681,,ARIMA
2005-10-01,Milho,14.0168,15.6303,1,21025.0,21775.0,22200.0,21000.0,2.2944095238095237,287.4,25.5,15.4079,,ARIMA
2005-11-01,Milho,12.4779,14.5057,1,20175.0,21000.0,21325.0,20025.0,2.25645,287.4,25.5,14.0168,,ARIMA
2005-12-01,Milho,12.1618,14.0307,1,22500.0,20225.0,22700.0,19950.0,2.2108350000000003,287.4,25.5,12.4779,,ARIMA
2006-01-01,Milho,12.5146,14.6381,1,22900.0,22450.0,23175.0,21350.0,2.285481818181818,287.4,25.5,12.1618,,ARIMA
2006-02-01,Milho,13.2029,14.7255,1,23875.0,22825.0,23975.0,22550.0,2.273868181818182,287.4,25.5,12.5146,,ARIMA
2006-03-01,Milho,11.37,13.5052,1,24725.0,23775.0,25300.0,22575.0,2.161922222222222,287.4,25.5,13.2029,,ARIMA
2006-04-01,Milho,10.8654,12.5684,1,24900.0,24650.0,25525.0,24025.0,2.1519608695652175,287.4,25.5,11.37,,ARIMA
2006-05-01,Milho,12.2447,13.4234,1,26250.0,24850.0,27500.0,23550.0,2.1292888888888886,287.4,25.5,10.8654,,ARIMA
2006-06-01,Milho,13.1832,14.5282,1,24600.0,26200.0,27150.0,23225.0,2.1781,287.4,25.5,12.2447,,ARIMA
2006-07-01,Milho,13.0267,14.4429,1,25600.0,25000.0,27575.0,24775.0,2.2482904761904763,287.4,25.5,13.1832,,ARIMA
2006-08-01,Milho,12.5458,13.9055,1,24800.0,25675.0,26600.0,23350.0,2.1892809523809524,287.4,25.5,13.0267,,ARIMA
2006-09-01,Milho,12.7518,14.2029,1,27525.0,24775.0,28050.0,23600.0,2.155882608695652,287.4,25.5,12.5458,,ARIMA
2006-10-01,Milho,13.9077,15.6378,1,33475.0,27625.0,34625.0,27550.0,2.168745,287.4,25.5,12.7518,,ARIMA
2006-11-01,Milho,16.19,17.2678,1,39050.0,33450.0,39350.0,33450.0,2.1482809523809525,287.4,24.6,13.9077,,ARIMA
2006-12-01,Milho,17.7272,18.4387,1,39850.0,38975.0,40000.0,36200.0,2.1579,111.2,25.4,16.19,,ARIMA
2007-01-01,Milho,18.082,18.7148,1,41575.0,39750.0,43075.0,36250.0,2.14992,236.6,24.2,17.7272,,ARIMA
2007-02-01,Milho,17.3042,18.3271,1,43550.0,41550.0,45025.0,40350.0,2.1384772727272727,212.4,24.6,18.082,,ARIMA
2007-03-01,Milho,17.0687,17.8629,1,38550.0,43650.0,43975.0,38550.0,2.09625,212.4,24.1,17.3042,,ARIMA
2007-04-01,Milho,15.2791,16.9172,1,36750.0,36800.0,39700.0,35500.0,2.0886772727272724,288.6,24.9,17.0687,,ARIMA
2007-05-01,Milho,14.8115,16.5113,1,39150.0,37350.0,40100.0,35200.0,2.032035,60.0,24.9,15.2791,,ARIMA
2007-06-01,Milho,14.8261,16.4762,1,34000.0,39100.0,43600.0,33350.0,1.9816136363636365,46.4,22.4,14.8115,,ARIMA
2007-07-01,Milho,14.7401,16.5621,1,34225.0,34025.0,36225.0,32450.0,1.93187,0.0,23.3,14.8261,,ARIMA
2007-08-01,Milho,16.67,17.8768,1,34000.0,34300.0,37200.0,32650.0,1.8828181818181817,14.0,23.1,14.7401,,ARIMA
2007-09-01,Milho,20.1652,20.7785,1,38925.0,34250.0,40475.0,33550.0,1.9660130434782608,0.0,24.1,16.67,,ARIMA
2007-10-01,Milho,19.9582,21.5522,1,39275.0,38900.0,39675.0,35200.0,1.899578947368421,4.0,26.6,20.1652,,ARIMA
2007-11-01,Milho,22.1265,23.4263,1,40150.0,39225.0,41100.0,38350.0,1.8010409090909092,64.2,25.3,19.9582,,ARIMA
2007-12-01,Milho,24.958,26.2748,1,46675.0,40100.0,46825.0,39975.0,1.769925,31.6,24.6,22.1265,,ARIMA
2008-01-01,Milho,22.8141,25.3667,1,51325.0,46675.0,53100.0,46675.0,1.7859850000000002,17.6,24.2,24.958,,ARIMA
2008-02-01,Milho,21.369,24.0938,1,55650.0,51400.0,55975.0,50325.0,1.774259090909091,78.6,23.5,22.8141,,ARIMA
2008-03-01,Milho,20.5016,23.9886,1,58200.0,55600.0,60075.0,51500.0,1.727742105263158,120.2,23.9,21.369,,ARIMA
2008-04-01,Milho,20.1802,23.6833,1,61225.0,58200.0,62875.0,57450.0,1.70758,260.6,24.0,20.5016,,ARIMA
2008-05-01,Milho,20.6083,23.6389,1,61250.0,61400.0,63900.0,58400.0,1.6889285714285716,18.2,23.5,20.1802,,ARIMA
2008-06-01,Milho,19.8328,23.2034,1,73775.0,61075.0,77900.0,60900.0,1.660535,18.2,22.2,20.6083,,ARIMA
2008-07-01,Milho,21.9783,24.1958,1,60750.0,73300.0,76350.0,56275.0,1.618857142857143,0.0,21.8,19.8328,,ARIMA
2008-08-01,Milho,19.0385,21.897,1,58500.0,60900.0,62875.0,50450.0,1.5914130434782607,0.0,23.9,21.9783,,ARIMA
2008-09-01,Milho,18.1071,20.784,1,50650.0,57600.0,59800.0,50475.0,1.6123142857142858,0.2,26.0,19.0385,,ARIMA
2008-10-01,Milho,17.3362,19.6559,1,41925.0,51250.0,51900.0,38000.0,1.7995681818181817,4.6,25.3,18.1071,,ARIMA
2008-11-01,Milho,16.1966,18.309,1,36575.0,41575.0,43950.0,35225.0,2.1728521739130433,4.6,25.3,17.3362,,ARIMA
2008-12-01,Milho,15.5461,18.2336,1,41775.0,36625.0,43350.0,30550.0,2.26629,66.4,25.4,16.1966,,ARIMA
2009-01-01,Milho,17.1725,20.34,1,39025.0,41350.0,43950.0,36975.0,2.3944136363636366,66.4,24.3,15.5461,,ARIMA
2009-02-01,Milho,17.8894,20.5914,1,35900.0,39000.0,39300.0,35050.0,2.307442857142857,34.8,24.7,17.1725,,ARIMA
2009-03-01,Milho,16.6296,18.9405,1,41475.0,35725.0,41600.0,34450.0,2.3126722222222225,56.0,24.3,17.8894,,ARIMA
2009-04-01,Milho,16.6743,18.4493,1,40350.0,41150.0,41750.0,37000.0,2.313836363636364,11.8,24.0,16.6296,,ARIMA
2009-05-01,Milho,17.5791,19.1964,1,44625.0,40150.0,44675.0,39650.0,2.20585,11.8,24.0,16.6743,,ARIMA
2009-06-01,Milho,17.4812,19.4185,1,35450.0,44400.0,46000.0,35450.0,2.060905,11.8,24.0,17.5791,,ARIMA
2009-07-01,Milho,15.9637,18.3305,1,34950.0,35150.0,36100.0,31475.0,1.9575571428571428,11.8,24.0,17.4812,,ARIMA
2009-08-01,Milho,15.0692,17.5795,1,32975.0,35300.0,37600.0,31150.0,1.9327521739130433,11.8,24.0,15.9637,,ARIMA
2009-09-01,Milho,14.7685,16.8317,1,35675.0,32825.0,36125.0,30200.0,1.8451809523809526,11.8,24.0,15.0692,,ARIMA
2009-10-01,Milho,15.0612,16.5923,1,37925.0,35425.0,42450.0,34075.0,1.819795238095238,11.8,24.0,14.7685,,ARIMA
2009-11-01,Milho,15.6123,17.1188,1,41750.0,37500.0,42500.0,37250.0,1.7384190476190475,11.8,24.0,15.0612,,ARIMA
2009-12-01,Milho,15.0431,16.7627,1,42425.0,41525.0,42900.0,37900.0,1.7261600000000001,11.8,24.0,15.6123,,ARIMA
2010-01-01,Milho,14.7924,16.549,1,36775.0,42475.0,43600.0,36625.0,1.7503136363636365,11.8,24.0,15.0431,,ARIMA
2010-02-01,Milho,14.4733,15.666,1,38900.0,36700.0,39100.0,35900.0,1.7798200000000002,11.8,24.0,14.7924,,ARIMA
2010-03-01,Milho,14.0562,15.3541,1,35650.0,38900.0,39200.0,35500.0,1.8416333333333332,11.8,24.0,14.4733,,ARIMA
2010-04-01,Milho,13.8156,15.2077,1,37525.0,35700.0,37775.0,35150.0,1.7858434782608694,11.8,24.0,14.0562,,ARIMA
2010-05-01,Milho,13.8405,15.2317,1,36900.0,37450.0,38500.0,36200.0,1.75657,11.8,24.0,13.8156,,ARIMA
2010-06-01,Milho,14.1672,15.6352,1,36275.0,36875.0,37650.0,33275.0,1.813190476190476,11.8,24.0,13.8405,,ARIMA
2010-07-01,Milho,13.4345,15.3518,1,40675.0,36275.0,41000.0,35975.0,1.8065285714285715,11.8,24.0,14.1672,,ARIMA
2010-08-01,Milho,14.0885,16.2678,1,43925.0,40550.0,44525.0,39925.0,1.7696363636363637,11.8,22.0,13.4345,,ARIMA
2010-09-01,Milho,16.3542,18.3242,1,50825.0,43875.0,54100.0,43775.0,1.7595636363636364,4.8,24.1,14.0885,,ARIMA
2010-10-01,Milho,18.0577,20.0707,1,59500.0,50750.0,59800.0,46600.0,1.7187095238095238,2.8,27.8,16.3542,,ARIMA
2010-11-01,Milho,20.0336,22.1113,1,54400.0,59800.0,61750.0,52025.0,1.6835,9.8,25.8,18.0577,,ARIMA
2010-12-01,Milho,19.9703,22.6773,1,63650.0,54450.0,63850.0,54250.0,1.7133299999999998,236.0,24.2,20.0336,,ARIMA
2011-01-01,Milho,20.6771,23.3456,1,67000.0,63425.0,67700.0,60400.0,1.693413043478261,236.0,23.7,19.9703,,ARIMA
2011-02-01,Milho,22.3384,24.7996,1,73100.0,66900.0,74425.0,66625.0,1.6749142857142858,236.0,23.7,20.6771,,ARIMA
2011-03-01,Milho,23.0505,25.0164,1,70100.0,73050.0,74200.0,61525.0,1.66799,236.0,23.7,22.3384,,ARIMA
2011-04-01,Milho,23.7867,25.4443,1,75650.0,73425.0,78875.0,72600.0,1.6590999999999998,236.0,24.1,23.0505,,ARIMA
2011-05-01,Milho,23.6378,25.1634,1,71750.0,75275.0,76150.0,65900.0,1.5864473684210525,170.8,24.6,23.7867,,ARIMA
2011-06-01,Milho,23.7858,25.2141,1,64800.0,72050.0,76500.0,63600.0,1.613490909090909,0.4,23.2,23.6378,,ARIMA
2011-07-01,Milho,23.8877,25.0698,1,66875.0,60500.0,70375.0,60300.0,1.5870428571428572,2.0,23.1,23.7858,,ARIMA
2011-08-01,Milho,22.9719,24.8686,1,76750.0,67100.0,77900.0,66800.0,1.5639380952380952,0.0,23.3,23.8877,,ARIMA
2011-09-01,Milho,23.0456,25.0376,1,60575.0,76600.0,76750.0,60575.0,1.597008695652174,92.6,23.7,22.9719,,ARIMA
2011-10-01,Milho,22.1969,24.8011,1,65900.0,60425.0,67500.0,58600.0,1.7497761904761906,92.6,23.7,23.0456,,ARIMA
2011-11-01,Milho,22.0283,24.6414,1,60800.0,65850.0,67625.0,58700.0,1.77257,92.6,23.7,22.1969,,ARIMA
2011-12-01,Milho,20.5442,23.7472,1,65475.0,60875.0,65650.0,57850.0,1.7904900000000001,92.6,23.7,22.0283,,ARIMA
2012-01-01,Milho,22.0851,24.8073,1,64525.0,66950.0,67250.0,59925.0,1.8368863636363635,92.6,23.7,20.5442,,ARIMA
2012-02-01,Milho,23.3501,25.4061,1,65800.0,64500.0,66150.0,62600.0,1.7896818181818182,92.6,23.7,22.0851,,ARIMA
2012-03-01,Milho,22.9682,25.145,1,64325.0,65600.0,67325.0,60250.0,1.7183947368421055,92.6,23.7,23.3501,,ARIMA
2012-04-01,Milho,21.9217,24.0375,1,63425.0,64675.0,65975.0,59175.0,1.795309090909091,92.6,23.7,22.9682,,ARIMA
2012-05-01,Milho,20.8794,22.4579,1,52550.0,63200.0,63425.0,51150.0,1.854835,115.8,24.6,21.9217,,ARIMA
2012-06-01,Milho,20.3671,21.8398,1,62850.0,52575.0,64925.0,51000.0,1.9859909090909091,103.2,23.4,20.8794,,ARIMA
2012-07-01,Milho,22.7029,22.9115,1,80525.0,64250.0,82050.0,64075.0,2.049195,0.0,23.0,20.3671,,ARIMA
2012-08-01,Milho,26.974,26.1481,1,80275.0,80650.0,84375.0,77675.0,2.0287363636363636,0.0,22.7,22.7029,,ARIMA
2012-09-01,Milho,25.7712,26.7028,1,75625.0,80500.0,81825.0,70500.0,2.0294434782608697,0.0,24.6,26.974,,ARIMA
2012-10-01,Milho,24.6866,26.4389,1,75575.0,76025.0,77600.0,73225.0,2.0280789473684213,177.0,26.3,25.7712,,ARIMA
2012-11-01,Milho,26.3476,27.3305,1,74800.0,75550.0,76325.0,71050.0,2.0298454545454545,177.0,26.0,24.6866,,ARIMA
2012-12-01,Milho,27.8117,28.4496,1,69825.0,75200.0,75900.0,68750.0,2.06775,177.0,24.4,26.3476,,ARIMA
2013-01-01,Milho,26.3994,27.7658,1,74050.0,70625.0,74450.0,67800.0,2.077835,177.0,24.4,27.8117,,ARIMA
2013-02-01,Milho,25.8401,27.6627,1,71950.0,74025.0,74625.0,68725.0,2.031077272727273,177.0,24.4,26.3994,,ARIMA
2013-03-01,Milho,23.6527,26.541,1,69525.0,71950.0,74900.0,69525.0,1.9732500000000002,177.0,24.4,25.8401,,ARIMA
2013-04-01,Milho,20.3566,24.1499,1,68325.0,67900.0,69300.0,62650.0,1.98284,177.0,24.6,23.6527,,ARIMA
2013-05-01,Milho,19.4642,22.6409,1,66200.0,67950.0,72250.0,63250.0,2.0022136363636363,16.2,23.4,20.3566,,ARIMA
2013-06-01,Milho,20.06,22.0195,1,67925.0,66125.0,68550.0,64050.0,2.0348428571428574,16.2,23.6,19.4642,,ARIMA
2013-07-01,Milho,19.6569,21.51,1,49900.0,67850.0,80000.0,48825.0,2.172955,22.8,24.0,20.06,,ARIMA
2013-08-01,Milho,17.9168,20.4672,1,49500.0,49900.0,52275.0,45375.0,2.2521695652173914,22.8,22.5,19.6569,,ARIMA
2013-09-01,Milho,18.1971,20.6419,1,44150.0,50125.0,50450.0,44075.0,2.342190909090909,0.0,23.2,17.9168,,ARIMA
2013-10-01,Milho,17.7152,20.5075,1,42825.0,44125.0,44975.0,42700.0,2.270509523809524,66.8,25.2,18.1971,,ARIMA
2013-11-01,Milho,17.933,20.7766,1,41525.0,42775.0,43800.0,41075.0,2.1886478260869566,124.2,24.7,17.7152,,ARIMA
2013-12-01,Milho,18.9503,21.1893,1,42200.0,41475.0,43600.0,41000.0,2.29535,230.0,24.1,17.933,,ARIMA
2014-01-01,Milho,19.7362,21.6524,1,43400.0,42200.0,43550.0,40625.0,2.345485714285714,314.4,24.0,18.9503,,ARIMA
2014-02-01,Milho,20.8414,22.2677,1,45750.0,43350.0,45900.0,43325.0,2.382209090909091,388.8,23.5,19.7362,,ARIMA
2014-03-01,Milho,23.3412,23.7986,1,50200.0,45900.0,50375.0,45725.0,2.38368,277.8,23.5,20.8414,,ARIMA
2014-04-01,Milho,23.4608,24.6627,1,51400.0,50150.0,51900.0,48550.0,2.3260894736842106,413.2,24.0,23.3412,,ARIMA
2014-05-01,Milho,22.4764,23.8492,1,46575.0,51325.0,51950.0,46500.0,2.23277,107.2,26.0,23.4608,,ARIMA
2014-06-01,Milho,20.6039,22.2794,1,42425.0,46500.0,47050.0,42250.0,2.2208809523809525,107.2,26.0,22.4764,,ARIMA
2014-07-01,Milho,19.0463,20.4697,1,35700.0,42375.0,42375.0,35650.0,2.2354700000000003,107.2,26.0,20.6039,,ARIMA
2014-08-01,Milho,18.6175,19.8611,1,35900.0,35700.0,37000.0,34775.0,2.2246478260869567,107.2,26.0,19.0463,,ARIMA
2014-09-01,Milho,18.2279,19.6012,1,32075.0,35750.0,36075.0,31950.0,2.2680285714285713,107.2,26.0,18.6175,,ARIMA
2014-10-01,Milho,18.0369,19.7533,1,37675.0,32025.0,38100.0,31825.0,2.332868181818182,107.2,26.0,18.2279,,ARIMA
2014-11-01,Milho,19.771,21.6414,1,37575.0,37450.0,38900.0,35900.0,2.4482608695652175,46.0,26.1,18.0369,,ARIMA
2014-12-01,Milho,21.6071,22.9878,1,39700.0,37400.0,41700.0,36425.0,2.548365,197.4,25.0,19.771,,ARIMA
2015-01-01,Milho,21.3818,22.8404,1,37000.0,39625.0,40950.0,36575.0,2.6393636363636364,105.6,24.0,21.6071,,ARIMA
2015-02-01,Milho,21.0497,22.4603,1,38450.0,36975.0,39175.0,36750.0,2.6342285714285714,40.0,24.5,21.3818,,ARIMA
2015-03-01,Milho,21.8381,22.951,1,37625.0,38300.0,39850.0,36700.0,2.81645,133.0,24.0,21.0497,,ARIMA
2015-04-01,Milho,21.7496,22.9217,1,36250.0,37700.0,39000.0,35900.0,3.1394772727272726,307.8,24.3,21.8381,,ARIMA
2015-05-01,Milho,20.0878,21.5858,1,35150.0,36250.0,37150.0,34825.0,3.0432200000000003,146.0,24.2,21.7496,,ARIMA
2015-06-01,Milho,19.7793,20.9259,1,41400.0,35050.0,41500.0,34675.0,3.061715,39.6,23.8,20.0878,,ARIMA
2015-07-01,Milho,20.9905,21.2886,1,37100.0,41100.0,43875.0,36575.0,3.1117380952380955,14.6,23.4,19.7793,,ARIMA
2015-08-01,Milho,21.4791,22.0039,1,36375.0,37000.0,39150.0,34650.0,3.2231434782608694,14.6,27.4,20.9905,,ARIMA
2015-09-01,Milho,22.8226,23.8048,1,38775.0,36250.0,39500.0,34675.0,3.5143047619047616,14.6,27.4,21.4791,,ARIMA
2015-10-01,Milho,25.1906,26.1239,1,38225.0,38775.0,39975.0,37200.0,3.906457142857143,14.6,27.4,22.8226,,ARIMA
2015-11-01,Milho,25.1187,26.9017,1,36500.0,38125.0,38350.0,35600.0,3.8801380952380953,86.6,26.4,25.1906,,ARIMA
2015-12-01,Milho,25.0678,27.7621,1,35875.0,36525.0,38175.0,35700.0,3.77646,148.2,25.9,25.1187,,ARIMA
2016-01-01,Milho,28.1981,30.049,1,37200.0,35950.0,37300.0,34850.0,3.871136363636363,156.6,25.6,25.0678,,ARIMA
2016-02-01,Milho,33.1637,34.1623,1,35350.0,37100.0,37375.0,35250.0,4.05235,294.4,24.7,28.1981,,ARIMA
2016-03-01,Milho,33.9141,36.4641,1,35150.0,35350.0,37400.0,34750.0,3.9737421052631574,80.6,25.4,33.1637,,ARIMA
2016-04-01,Milho,36.5124,39.6178,1,39025.0,35175.0,40200.0,34725.0,3.7039181818181817,235.4,24.7,33.9141,,ARIMA
2016-05-01,Milho,39.7333,43.5813,1,40475.0,38875.0,41350.0,36700.0,3.5658450000000004,17.6,24.9,36.5124,,ARIMA
2016-06-01,Milho,40.1482,44.4383,1,35875.0,40425.0,43925.0,35575.0,3.5392904761904758,5.8,24.0,39.7333,,ARIMA
2016-07-01,Milho,34.8006,40.8321,1,33450.0,36075.0,37450.0,32675.0,3.4244772727272728,12.0,22.4,40.1482,,ARIMA
2016-08-01,Milho,36.2336,41.4889,1,30150.0,33250.0,33475.0,30100.0,3.2755666666666667,0.0,23.8,34.8006,,ARIMA
2016-09-01,Milho,32.7144,39.5152,1,33675.0,30200.0,34225.0,30175.0,3.209660869565217,42.6,23.7,36.2336,,ARIMA
2016-10-01,Milho,33.3494,38.6384,1,35475.0,33625.0,35925.0,33525.0,3.2563714285714283,42.6,24.0,32.7144,,ARIMA
2016-11-01,Milho,30.8948,36.5976,1,33675.0,35475.0,35650.0,33550.0,3.185845,102.0,25.2,33.3494,,ARIMA
2016-12-01,Milho,29.8538,33.6929,1,35200.0,33700.0,36300.0,33100.0,3.34203,217.8,24.3,30.8948,,ARIMA
2017-01-01,Milho,28.6004,31.2942,1,35975.0,35200.0,37100.0,35150.0,3.352268181818182,81.0,23.8,29.8538,,ARIMA
2017-02-01,Milho,26.4887,28.6252,1,36675.0,36000.0,38000.0,35800.0,3.196609090909091,417.6,24.0,28.6004,,ARIMA
2017-03-01,Milho,24.4695,26.2242,1,36425.0,36625.0,37700.0,35300.0,3.1041944444444445,429.0,23.4,26.4887,,ARIMA
2017-04-01,Milho,21.8404,23.1465,1,35800.0,36575.0,37300.0,35425.0,3.127930434782609,261.8,24.2,24.4695,,ARIMA
2017-05-01,Milho,21.4213,22.1764,1,37200.0,36300.0,37750.0,35625.0,3.136172222222222,35.8,24.2,21.8404,,ARIMA
2017-06-01,Milho,20.9348,21.3798,1,37050.0,37150.0,39175.0,35625.0,3.209509090909091,35.8,24.8,21.4213,,ARIMA
2017-07-01,Milho,20.0011,20.6935,1,37075.0,37325.0,39450.0,36000.0,3.2953666666666663,35.8,22.6,20.9348,,ARIMA
2017-08-01,Milho,18.4325,20.397,1,34225.0,36925.0,37550.0,32850.0,3.2061380952380953,35.8,25.0,20.0011,,ARIMA
2017-09-01,Milho,19.5648,21.7791,1,35525.0,34150.0,35800.0,33600.0,3.1509173913043482,35.8,25.0,18.4325,,ARIMA
2017-10-01,Milho,21.414,23.6578,1,34575.0,35475.0,35625.0,34250.0,3.1347899999999997,35.8,25.0,19.5648,,ARIMA
2017-11-01,Milho,22.5645,24.7434,1,34175.0,34575.0,35200.0,33550.0,3.1912285714285713,35.8,25.0,21.414,,ARIMA
2017-12-01,Milho,23.5054,25.2463,1,35075.0,34175.0,35425.0,33525.0,3.25938,35.8,25.0,22.5645,,ARIMA
2018-01-01,Milho,23.7798,25.6172,1,36150.0,35125.0,36225.0,34550.0,3.2919150000000004,123.4,24.2,23.5054,,ARIMA
2018-02-01,Milho,23.8613,25.9276,1,37450.0,36075.0,37675.0,35625.0,3.2106090909090907,123.4,24.2,23.7798,,ARIMA
2018-03-01,Milho,28.8891,29.2892,1,38775.0,37400.0,39075.0,36925.0,3.2415000000000003,123.4,24.3,23.8613,,ARIMA
2018-04-01,Milho,31.9258,32.267,1,39250.0,38925.0,39575.0,37200.0,3.2792142857142856,123.4,24.6,28.8891,,ARIMA
2018-05-01,Milho,32.8868,33.0716,1,39400.0,39300.0,41225.0,38750.0,3.407495238095238,123.4,24.0,31.9258,,ARIMA
2018-06-01,Milho,33.7304,33.3973,1,35025.0,39375.0,39700.0,33875.0,3.636057142857143,12.2,23.4,32.8868,,ARIMA
2018-07-01,Milho,31.0605,31.5696,1,37225.0,35225.0,37425.0,32975.0,3.773171428571428,17.2,21.4,33.7304,,ARIMA
2018-08-01,Milho,32.5824,33.1906,1,35100.0,37200.0,37375.0,34025.0,3.8287636363636364,0.0,22.5,31.0605,,ARIMA
2018-09-01,Milho,33.2646,34.7195,1,35625.0,35150.0,36675.0,33700.0,3.9297565217391304,15.8,24.1,32.5824,,ARIMA
2018-10-01,Milho,30.7409,32.9447,1,36325.0,35675.0,37850.0,35650.0,4.1165473684210525,79.2,25.0,33.2646,,ARIMA
2018-11-01,Milho,28.3148,31.0638,1,36650.0,36325.0,37900.0,35525.0,3.758409090909091,299.0,25.0,30.7409,,ARIMA
2018-12-01,Milho,28.9602,31.0653,1,37500.0,37275.0,38650.0,36925.0,3.786665,378.2,24.5,28.3148,,ARIMA
2019-01-01,Milho,29.8377,31.1057,1,37650.0,37525.0,38450.0,37100.0,3.885055,147.6,24.4,28.9602,,ARIMA
2019-02-01,Milho,31.1631,31.5911,1,36200.0,37650.0,38175.0,36125.0,3.7416818181818186,319.0,24.3,29.8377,,ARIMA
2019-03-01,Milho,31.6643,32.1206,1,35650.0,36175.0,38075.0,35275.0,3.7236249999999997,492.2,24.4,31.1631,,ARIMA
2019-04-01,Milho,28.7137,31.1385,1,35325.0,35650.0,36625.0,34225.0,3.846484210526316,342.6,24.8,31.6643,,ARIMA
2019-05-01,Milho,26.8265,29.4244,1,42700.0,35350.0,43800.0,33550.0,3.8961571428571427,0.0,24.4,28.7137,,ARIMA
2019-06-01,Milho,29.726,30.4284,1,42025.0,42625.0,46425.0,40700.0,4.001518181818182,0.0,23.7,26.8265,,ARIMA
2019-07-01,Milho,30.1418,31.0419,1,40025.0,42425.0,46000.0,40000.0,3.8588263157894738,0.0,23.7,29.726,,ARIMA
2019-08-01,Milho,29.1359,30.8232,1,35800.0,40175.0,41700.0,35525.0,3.7793391304347828,0.0,25.2,30.1418,,ARIMA
2019-09-01,Milho,28.4638,30.8726,1,38800.0,35875.0,38825.0,34000.0,4.019981818181818,0.0,25.2,29.1359,,ARIMA
2019-10-01,Milho,31.4362,32.7125,1,39000.0,38675.0,40250.0,37825.0,4.1215,0.0,25.2,28.4638,,ARIMA
2019-11-01,Milho,33.7372,34.7516,1,37125.0,38925.0,39175.0,36225.0,4.086986956521739,0.0,25.2,31.4362,,ARIMA
2019-12-01,Milho,36.503,37.3426,1,38775.0,37175.0,39200.0,35700.0,4.155345,0.0,24.9,33.7372,,ARIMA
2020-01-01,Milho,39.0451,40.2439,1,38125.0,38775.0,39400.0,37525.0,4.109590476190476,0.0,24.7,36.503,,ARIMA
2020-02-01,Milho,40.1432,43.1399,1,36650.0,38050.0,38500.0,36175.0,4.149463636363636,0.0,25.2,39.0451,,ARIMA
2020-03-01,Milho,41.9447,44.5471,1,34075.0,36650.0,38850.0,33200.0,4.341011111111111,0.0,24.6,40.1432,,ARIMA
2020-04-01,Milho,41.8399,44.7209,1,31150.0,34125.0,34325.0,30025.0,4.883854545454546,0.0,25.4,41.9447,,ARIMA
2020-05-01,Milho,40.2103,42.6298,1,32575.0,31100.0,33075.0,30550.0,5.32558,0.0,24.8,41.8399,,ARIMA
2020-06-01,Milho,39.541,41.3377,1,33850.0,32550.0,34200.0,31350.0,5.643445,0.0,22.4,40.2103,,ARIMA
2020-07-01,Milho,41.5048,41.9979,1,31600.0,33850.0,35650.0,31450.0,5.1966,0.0,23.9,39.541,,ARIMA
2020-08-01,Milho,45.2704,45.8405,1,34850.0,31500.0,35300.0,30725.0,5.280191304347826,33.0,26.7,41.5048,44.14248508407244,ARIMA
2020-09-01,Milho,50.0149,51.5842,1,37900.0,34775.0,38275.0,34325.0,5.461233333333333,33.0,26.7,45.2704,48.72132959137112,ARIMA
2020-10-01,Milho,57.236,60.4194,1,39850.0,37900.0,42225.0,37725.0,5.399485714285714,33.0,26.7,50.0149,55.87765587074296,ARIMA
2020-11-01,Milho,67.7848,72.0206,1,41975.0,39600.0,43050.0,39300.0,5.625790476190476,33.0,26.7,57.236,65.73052971700945,ARIMA
2020-12-01,Milho,64.7903,69.206,1,48400.0,42000.0,48575.0,40900.0,5.417835,33.0,26.7,67.7848,64.45621508076664,ARIMA
2021-01-01,Milho,70.3659,72.5824,1,54700.0,48725.0,55375.0,47950.0,5.1455863636363635,33.0,25.1,64.7903,66.57073201473891,ARIMA
2021-02-01,Milho,73.2453,75.2972,1,55550.0,54900.0,57425.0,52475.0,5.3562449999999995,33.0,24.0,70.3659,69.34205941325548,ARIMA
2021-03-01,Milho,76.6977,76.678,1,56425.0,56050.0,57125.0,53275.0,5.416494444444444,33.0,24.8,73.2453,70.74178677131455,ARIMA
2021-04-01,Milho,86.8807,82.6983,1,74000.0,57500.0,74625.0,54975.0,5.646147826086957,33.0,23.6,76.6977,75.90347859964216,ARIMA
2021-05-01,Milho,93.3588,88.8299,1,65675.0,74000.0,77500.0,60275.0,5.562135,33.0,27.3,86.8807,81.7401305855792,ARIMA
2021-06-01,Milho,81.4832,82.3523,1,72000.0,66600.0,74325.0,62950.0,5.291057142857143,33.0,27.3,93.3588,77.2948139771947,ARIMA
2021-07-01,Milho,83.8044,83.7149,1,54700.0,71975.0,75050.0,53675.0,5.031904761904762,33.0,27.3,81.4832,76.82085530163837,ARIMA
2021-08-01,Milho,93.0999,89.089,1,53400.0,54725.0,58950.0,52400.0,5.156704545454546,33.0,27.3,83.8044,81.49284445217724,ARIMA
2021-09-01,Milho,86.501,85.3425,1,53675.0,53400.0,54850.0,48775.0,5.251718181818182,33.0,27.3,93.0999,79.63897480536947,ARIMA
2021-10-01,Milho,85.2321,83.04,1,56825.0,53675.0,56925.0,50675.0,5.279690476190477,33.0,27.3,86.501,77.10110509338419,ARIMA
2021-11-01,Milho,78.6501,79.5924,1,56700.0,56800.0,58900.0,54775.0,5.53998,33.0,25.8,85.2321,74.32431828671933,ARIMA
2021-12-01,Milho,80.5104,79.5058,1,59325.0,56800.0,61775.0,56700.0,5.5568599999999995,33.0,24.4,78.6501,73.5235986789706,ARIMA
2022-01-01,Milho,87.2222,86.186,1,62600.0,59900.0,64250.0,58475.0,5.651391304347826,33.0,24.4,80.5104,79.0383892006461,ARIMA
2022-02-01,Milho,91.6741,89.4574,1,69750.0,62600.0,71875.0,61025.0,5.534104761904762,33.0,24.3,87.2222,82.2983049274098,ARIMA
2022-03-01,Milho,93.6815,89.6562,1,74875.0,69975.0,80000.0,69975.0,5.196578947368421,33.0,24.8,91.6741,82.77751636851751,ARIMA
2022-04-01,Milho,80.0222,82.1676,1,81825.0,74850.0,82700.0,73025.0,4.968381818181818,33.0,24.8,93.6815,77.02175346444525,ARIMA
2022-05-01,Milho,81.317,81.656,1,75350.0,81150.0,82200.0,74725.0,4.758015789473684,33.0,24.8,80.0222,74.98015292409022,ARIMA
2022-06-01,Milho,80.8664,79.7446,1,74375.0,75375.0,80000.0,72050.0,4.95505,33.0,23.6,81.317,73.70674847865355,ARIMA
2022-07-01,Milho,76.2229,76.4775,1,61625.0,74800.0,80000.0,56150.0,5.049209523809524,33.0,22.6,80.8664,71.0330791774914,ARIMA
2022-08-01,Milho,76.0322,76.63,1,67375.0,61975.0,68425.0,58300.0,5.368071428571429,0.0,24.4,76.2229,70.92435174418925,ARIMA
2022-09-01,Milho,76.7354,78.1342,1,67750.0,67100.0,72500.0,65500.0,5.143286956521739,36.2,24.2,76.0322,71.94372782363945,ARIMA
2022-10-01,Milho,77.0773,77.9566,1,69150.0,68000.0,70650.0,67150.0,5.236957142857143,66.4,26.2,76.7354,71.92407217468232,ARIMA
2022-11-01,Milho,77.4235,78.214,1,66200.0,68900.0,69850.0,65125.0,5.2503,128.0,24.9,77.0773,72.11728608295044,ARIMA
2022-12-01,Milho,75.7348,77.3115,1,67850.0,66175.0,68500.0,62300.0,5.274649999999999,144.2,24.7,77.4235,71.46490760117545,ARIMA
2023-01-01,Milho,77.4008,78.2239,1,67975.0,67725.0,68875.0,64825.0,5.242431818181818,297.6,23.9,75.7348,71.8806643356051,ARIMA
2023-02-01,Milho,76.4878,76.9355,1,62950.0,67925.0,68825.0,62925.0,5.200681818181819,271.8,23.8,77.4008,71.01688014996691,ARIMA
2023-03-01,Milho,75.1678,74.7812,1,66050.0,63000.0,66450.0,61825.0,5.171688888888889,211.2,24.3,76.4878,69.28477196706022,ARIMA
2023-04-01,Milho,66.3833,67.8892,1,63600.0,65950.0,68250.0,57200.0,5.211460869565218,50.4,24.1,75.1678,63.79078061690374,ARIMA
2023-05-01,Milho,50.6014,54.8718,1,59300.0,58330.0,65625.0,54710.0,5.019733333333333,67.0,24.3,66.3833,52.45096476818944,ARIMA
2023-06-01,Milho,47.3638,48.9555,1,55450.0,59400.0,67250.0,55200.0,4.9828363636363635,67.0,24.2,50.6014,45.977452211313974,ARIMA
2023-07-01,Milho,46.5763,47.8528,1,50400.0,55850.0,61475.0,49525.0,4.851566666666667,67.0,26.2,47.3638,44.71221941596388,ARIMA
2023-08-01,Milho,45.6142,47.3019,1,46100.0,50400.0,51225.0,45900.0,4.800833333333333,67.0,26.2,46.5763,44.229792968473376,ARIMA
2023-09-01,Milho,44.1161,47.732,1,47675.0,46100.0,49000.0,45575.0,4.903543478260869,67.0,26.2,45.6142,44.53287253186617,ARIMA
2023-10-01,Milho,45.0628,48.1146,1,47875.0,47700.0,50950.0,47600.0,4.93699,67.0,26.2,44.1161,44.66648082844679,ARIMA
2023-11-01,Milho,45.9451,50.2974,1,46175.0,47875.0,48125.0,44700.0,5.064842857142857,67.0,26.2,45.0628,46.55823641391722,ARIMA
2023-12-01,Milho,50.4828,56.4685,1,47125.0,46025.0,48400.0,45500.0,4.89834,67.0,26.2,45.9451,51.462959980630146,ARIMA
2024-01-01,Milho,50.8377,57.7398,1,45850.0,48300.0,48375.0,44750.0,4.897245,67.0,26.2,50.4828,52.96109847807988,ARIMA
2024-02-01,Milho,49.6318,53.6953,1,41575.0,44800.0,44875.0,39450.0,4.9143954545454545,67.0,25.6,50.8377,49.818015390370334,ARIMA
2024-03-01,Milho,47.6011,52.2548,1,45450.0,42925.0,46000.0,42200.0,4.964389473684211,,25.4,49.6318,48.5831374565111,ARIMA
2024-04-01,Milho,49.0614,51.9195,1,44675.0,45450.0,45450.0,43575.0,4.980135,,25.7,47.6011,48.09918602552191,ARIMA
2024-05-01,Milho,50.4026,52.4263,1,45400.0,44675.0,48375.0,44375.0,5.129095454545455,,25.5,49.0614,48.70030816721382,ARIMA
2024-06-01,Milho,50.4852,52.5458,1,39725.0,44575.0,46050.0,39050.0,5.133047619047619,,23.4,50.4026,48.92793737670086,ARIMA
2024-07-01,Milho,49.2374,51.438,1,38275.0,39725.0,41200.0,38100.0,5.388975,,,50.4852,48.19745618870523,ARIMA
2024-08-01,Milho,50.5215,52.6634,1,37800.0,38250.0,39300.0,36050.0,5.542047826086956,,,49.2374,49.10036610912802,ARIMA
2024-09-01,Milho,51.7376,54.5639,1,41562.0,40038.0,41962.0,39710.0,5.5526136363636365,,,50.5215,50.74843503034465,ARIMA
